,KL,Q estimate,Training return,entropy,episode length,max return,mean return,mean value,min return,policy loss,seed,std return,value loss
0,3.4913601875305176,-288.06329345703125,-513.3252225006902,2.358962297439575,1000.0,0.0,-578.253716113821,-0.17319168150424957,-696.3677982424527,-2051236.625,0.0,76.77125759683652,113906.328125
1,4.3842902183532715,-314.5596923828125,-581.2056212472362,2.3609042167663574,1000.0,0.0,-586.386999554163,-0.9446335434913635,-708.4355624341176,-2219667.5,0.0,75.93206366893898,127758.0625
2,3.284308910369873,-298.4494934082031,-615.2657869926215,2.357546329498291,1000.0,0.0,-579.7632817153914,-1.862326741218567,-615.2657869926215,-2006147.75,0.0,65.32328262664203,108648.640625
3,2.5775060653686523,-303.68426513671875,-641.0045689541685,2.3560128211975098,1000.0,0.0,-596.5391149637346,-2.684431552886963,-760.927594510433,-2218877.5,0.0,69.64655515395226,134299.265625
4,1.973236322402954,-237.1197967529297,-489.81805828707326,2.351536512374878,1000.0,0.0,-597.9091073562241,-3.6777498722076416,-723.3492162643846,-1963481.0,0.0,72.90289903951543,109606.703125
5,0.5475746393203735,-259.4170227050781,-499.04481335987134,2.3551392555236816,1000.0,0.0,-604.4942647964851,-4.465389251708984,-729.2015880909025,-2241646.5,0.0,74.49262003554013,137193.484375
6,0.6645213961601257,-284.7499084472656,-655.8658375473334,2.3515188694000244,1000.0,0.0,-602.2659015091529,-5.57846736907959,-715.3686610286525,-2023103.375,0.0,76.21731013430457,114638.921875
7,-0.18644699454307556,-312.110595703125,-629.9849113673744,2.354090452194214,1000.0,0.0,-606.7990753109317,-6.623846530914307,-698.9784690095158,-2199770.75,0.0,75.09534216674945,134889.109375
8,0.21590328216552734,-261.5046691894531,-571.4533767273456,2.3496057987213135,1000.0,0.0,-608.5754611643223,-8.181565284729004,-689.5842480680205,-2118546.75,0.0,72.6192664207943,121227.0625
9,-0.14654168486595154,-311.66680908203125,-704.9560915295635,2.3548126220703125,1000.0,0.0,-621.9773651141189,-9.110502243041992,-876.6290028440483,-2540702.75,0.0,82.70455940163633,184761.484375
10,-0.05584964156150818,-332.48583984375,-678.4018686086354,2.3498339653015137,1000.0,0.0,-617.6838484534884,-10.027710914611816,-684.774181140011,-1926439.25,0.0,84.34445067073497,106064.3984375
11,-0.5211830139160156,-325.4085388183594,-655.0820651182619,2.3531534671783447,1000.0,0.0,-618.2099258112037,-11.697751998901367,-750.5236852133539,-2083660.375,0.0,84.20384946028526,122094.515625
12,-0.012645363807678223,-267.2471618652344,-495.6050159566122,2.353133201599121,1000.0,0.0,-620.0632909389893,-14.148866653442383,-739.8474732833047,-2151641.5,0.0,84.29733066452984,132653.015625
13,-0.20255634188652039,-336.6466064453125,-772.3549289576376,2.3554446697235107,1000.0,0.0,-621.5216073318659,-15.06157398223877,-906.470284600388,-2145820.25,0.0,93.12988015860674,137286.8125
14,0.1039932370185852,-347.0404052734375,-683.7551184681811,2.355992317199707,1000.0,0.0,-623.983986494443,-16.598276138305664,-724.7701624180395,-2171421.5,0.0,91.3956012444995,131443.6875
15,0.1319638192653656,-209.32278442382812,-477.1224592663226,2.35384202003479,1000.0,0.0,-621.497729460288,-18.711483001708984,-775.9485018218772,-1981283.75,0.0,95.86401320341777,114753.703125
16,0.36385947465896606,-323.7652893066406,-732.1287084148057,2.3592402935028076,1000.0,0.0,-628.8823034411988,-20.26633071899414,-834.8000593730661,-2351772.25,0.0,99.67878637055509,161524.15625
17,0.22270989418029785,-340.3656311035156,-646.2930508335885,2.355891466140747,1000.0,0.0,-629.3976497480212,-21.740779876708984,-761.6318278433034,-2076240.0,0.0,98.26962421158068,123045.359375
18,0.27739548683166504,-195.89781188964844,-404.89600185372944,2.35498046875,1000.0,0.0,-625.0584434565579,-24.140670776367188,-740.6921183397103,-1773157.25,0.0,100.50771216271437,92460.1015625
19,-0.10799580812454224,-369.1800537109375,-772.967808294437,2.3584952354431152,1000.0,0.0,-628.7701331283914,-26.697772979736328,-772.967808294437,-2245184.5,0.0,100.10416421964229,150025.46875
20,0.28994640707969666,-252.07772827148438,-517.1568591510251,2.3573951721191406,1000.0,0.0,-628.8214943020159,-30.288389205932617,-701.9662674430026,-2081422.25,0.0,98.70554360767392,122669.859375
21,0.20936384797096252,-240.4936065673828,-533.4122913951026,2.3586103916168213,1000.0,0.0,-631.41582623081,-32.85811233520508,-801.2037865729367,-2160092.75,0.0,99.05094898357265,141441.96875
22,0.7336437702178955,-254.5698699951172,-608.1454544970129,2.3592305183410645,1000.0,0.0,-632.5818726651553,-34.2391357421875,-785.3420133617544,-1983196.25,0.0,98.12245137768376,113548.2734375
23,0.864305853843689,-294.37335205078125,-679.0627596118378,2.360424518585205,1000.0,0.0,-634.6387045867767,-36.80350875854492,-702.7107855494932,-2194810.5,0.0,96.59234270425942,137177.921875
24,0.4005364179611206,-416.1878662109375,-842.1586330629548,2.354597568511963,1000.0,0.0,-635.7070601295582,-39.592323303222656,-842.1586330629548,-2110584.75,0.0,97.35029741564888,134966.53125
25,0.42986607551574707,-341.45947265625,-798.3071985667344,2.358515501022339,1000.0,0.0,-636.6790612651938,-42.8181037902832,-798.3071985667344,-2072387.75,0.0,97.02810276510893,125955.6484375
26,0.0794123113155365,-305.973876953125,-717.5130542924537,2.3548130989074707,1000.0,0.0,-637.5861869714554,-44.90066146850586,-717.5130542924537,-1969047.75,0.0,96.04778269486486,117189.296875
27,0.5130667686462402,-215.93173217773438,-575.6224630356288,2.3558287620544434,1000.0,0.0,-636.0439089866334,-49.3378791809082,-640.8357285555749,-1766965.0,0.0,94.81959967902894,91962.4609375
28,0.8024657964706421,-309.51165771484375,-647.615366346836,2.3572559356689453,1000.0,0.0,-637.7113298156144,-52.81169128417969,-757.0402357532597,-2213879.75,0.0,94.21716242494144,137233.546875
29,0.11164075136184692,-173.51853942871094,-508.66089016213675,2.3518624305725098,1000.0,0.0,-635.5794140945769,-56.32411575317383,-692.3852972485727,-1689827.75,0.0,94.29831234042798,90039.1015625
30,0.2722153067588806,-284.3185729980469,-738.4691663528025,2.3551106452941895,1000.0,0.0,-638.1747430408327,-59.316776275634766,-870.2412383299783,-2095172.75,0.0,95.09886614931115,134221.671875
31,0.6324653029441833,-204.07582092285156,-682.5714609228255,2.3529138565063477,1000.0,0.0,-638.3533519751351,-64.48961639404297,-800.2179031696242,-1827858.375,0.0,95.29062114260962,107575.375
32,0.5169529318809509,-325.2694396972656,-816.7175244366374,2.3528664112091064,1000.0,0.0,-638.370801423202,-67.66985321044922,-816.7175244366374,-1699016.0,0.0,95.6825444333272,96527.2734375
33,0.35282665491104126,-239.07359313964844,-597.4921276273583,2.351381301879883,1000.0,0.0,-637.0436914740216,-71.97589111328125,-690.0705883928514,-1637228.75,0.0,95.27436681498428,85027.8203125
34,0.32028791308403015,-171.39700317382812,-550.2025484776217,2.3554906845092773,1000.0,0.0,-637.1648862551996,-76.35340881347656,-822.9829245405202,-1684296.25,0.0,96.12128343537783,94365.7578125
35,0.8039274215698242,-226.38211059570312,-611.3058834551521,2.3555188179016113,1000.0,0.0,-639.6381619033764,-81.53181457519531,-830.1054921657912,-1997914.625,0.0,96.71311956862723,127187.875
36,0.49378103017807007,-234.4865264892578,-584.5714294175284,2.3531222343444824,1000.0,0.0,-639.3725582871066,-85.44755554199219,-733.8652209380657,-1607389.75,0.0,95.9446541309572,88887.8671875
37,0.509082019329071,-198.1964569091797,-611.7130745708156,2.352168560028076,1000.0,0.0,-639.4003958326534,-90.14571380615234,-743.0644258179,-1552824.75,0.0,95.27430480925379,86036.2109375
38,-0.0025117993354797363,-155.69210815429688,-526.6433657108325,2.3458058834075928,1000.0,0.0,-637.0871740637613,-100.91807556152344,-671.2221530085153,-1218928.25,0.0,96.6543506495585,59605.6015625
39,-0.07388556003570557,-315.6668395996094,-828.8400572656722,2.351018190383911,1000.0,0.0,-637.5503819441246,-101.16165924072266,-828.8400572656722,-1630111.25,0.0,97.7115737737166,100077.0625
40,0.17021656036376953,-276.43896484375,-738.06732815752,2.347644090652466,1000.0,0.0,-636.9468228325029,-106.85667419433594,-738.06732815752,-1498450.25,0.0,98.80712812675661,83926.671875
41,-0.02263680100440979,-177.6079559326172,-593.9636978358175,2.35402250289917,1000.0,0.0,-637.2011973592005,-113.1607666015625,-756.1230422767228,-1523674.75,0.0,98.11732787739135,86569.84375
42,0.21275514364242554,-202.3689727783203,-778.0599431731064,2.3485727310180664,1000.0,0.0,-637.415218536663,-121.99185943603516,-778.0599431731064,-1336836.5,0.0,98.27381984337137,74858.7890625
43,0.06214076280593872,-112.68091583251953,-473.34284914491843,2.352370023727417,1000.0,0.0,-636.5452445987686,-123.67572784423828,-713.7971804709732,-1131725.5,0.0,98.44729306736217,61136.34375
44,0.1389482617378235,-275.2044372558594,-774.6775256005699,2.3479971885681152,1000.0,0.0,-635.9701497640679,-130.62667846679688,-853.6065326351775,-1280535.5,0.0,100.80365929085801,76881.921875
45,-0.2661091387271881,-315.32781982421875,-790.3460810260842,2.3548760414123535,1000.0,0.0,-635.4358152492051,-138.21932983398438,-790.3460810260842,-1253008.375,0.0,100.86817145851478,72046.546875
46,-0.05834764242172241,-129.0287322998047,-532.8172825998565,2.3561789989471436,1000.0,0.0,-635.3324100204476,-143.7755889892578,-696.427163045793,-1304862.375,0.0,100.39269403745283,70881.5234375
47,0.2399510145187378,-266.3179931640625,-892.8496593378256,2.3562252521514893,1000.0,0.0,-636.8901330575808,-151.14495849609375,-892.8496593378256,-1350158.75,0.0,102.41172233045792,94574.3046875
48,0.01089411973953247,-99.33438873291016,-533.6108681231724,2.352050304412842,1000.0,0.0,-635.6089535607317,-164.36537170410156,-640.027016974083,-844420.0,0.0,101.93936110553221,45652.4375
49,0.11003029346466064,-170.32054138183594,-682.5689592717063,2.355693817138672,1000.0,0.0,-636.1606226139841,-162.4949493408203,-827.8839212987007,-1160637.625,0.0,101.81923347768351,71465.75
50,0.24775835871696472,-167.06033325195312,-687.089427762349,2.3553404808044434,1000.0,0.0,-634.5917159380784,-170.3045196533203,-687.089427762349,-720356.1875,0.0,102.17644841259622,41422.08203125
51,0.17855721712112427,-178.742919921875,-712.1927700714916,2.3554739952087402,1000.0,0.0,-634.9272063048832,-179.65892028808594,-788.9204001741134,-1031980.5,0.0,102.5943278056441,65694.8203125
52,0.5175267457962036,-171.29432678222656,-692.7312987564542,2.351912260055542,1000.0,0.0,-634.0793085865281,-182.5245361328125,-692.7312987564542,-752819.3125,0.0,102.10334464092337,48103.3203125
53,0.3197718858718872,-86.21131134033203,-523.5206407719163,2.3561758995056152,1000.0,0.0,-633.5413903496544,-189.39700317382812,-767.3254483066912,-706257.125,0.0,102.6302247339216,47914.375
54,0.2594032287597656,-105.85543823242188,-698.9249321129405,2.3543894290924072,1000.0,0.0,-634.3749533143931,-198.9587860107422,-772.4684542552342,-912456.0,0.0,102.8831088743779,68352.1796875
55,-0.060260772705078125,-69.90713500976562,-498.25782499456767,2.356158494949341,1000.0,0.0,-634.4688047850947,-204.6833953857422,-757.1718816916341,-899524.0,0.0,102.718391746188,58647.7578125
56,-0.4987039268016815,-119.96469116210938,-641.4999391970598,2.357318878173828,1000.0,0.0,-635.5554446878483,-211.6177520751953,-756.1481272630024,-1012931.0,0.0,102.32439615384318,70593.140625
57,-0.3211171329021454,-52.869354248046875,-598.7121773151472,2.3540680408477783,1000.0,0.0,-635.7099340938795,-226.4213104248047,-753.983191489202,-630872.75,0.0,101.9937467264777,48409.890625
58,-0.6313142776489258,-144.19381713867188,-760.3048578470634,2.354126453399658,1000.0,0.0,-636.4450214418277,-231.64918518066406,-856.5681312417269,-802046.5,0.0,103.33313609465156,68008.3984375
59,-0.3904074728488922,-30.64679527282715,-560.7275898345681,2.3569047451019287,1000.0,0.0,-636.6829800759598,-248.0694122314453,-790.0344557327531,-687306.125,0.0,103.96668647920673,59679.0234375
60,-0.5093461871147156,-253.0682830810547,-943.7222758524392,2.3579375743865967,1000.0,0.0,-637.9785970166141,-240.9532470703125,-943.7222758524392,-870630.1875,0.0,105.92574514713523,79123.125
61,-0.5662347674369812,-132.8629150390625,-797.2903760589538,2.3551270961761475,1000.0,0.0,-637.089735074162,-250.2681121826172,-797.2903760589538,-150601.09375,0.0,106.27210672270661,40232.7421875
62,-0.3735060393810272,-8.772087097167969,-545.2394792601833,2.35695219039917,1000.0,0.0,-637.417881015178,-261.07757568359375,-787.8481168398453,-441266.75,0.0,106.14639143254917,53090.3828125
63,-0.1747196614742279,-62.83705520629883,-642.5814055735946,2.3556973934173584,1000.0,0.0,-636.8634321739785,-263.78515625,-780.3544111805804,-286198.34375,0.0,106.24359129439297,41813.07421875
64,-0.0032926201820373535,-184.5165557861328,-812.1317279062824,2.3607177734375,1000.0,0.0,-637.7719002646097,-271.64154052734375,-812.1317279062824,-546359.5,0.0,106.22070103357959,59859.4140625
65,-0.174150288105011,19.182050704956055,-628.1959462264435,2.3574585914611816,1000.0,0.0,-637.5409742053466,-288.568603515625,-706.3404243338081,-218021.96875,0.0,105.58521653083967,42188.59375
66,-0.09833851456642151,-47.66328811645508,-644.7730687130836,2.360076427459717,1000.0,0.0,-637.5119630568034,-286.8713684082031,-681.5445689610422,-135462.015625,0.0,105.04246739684447,44086.07421875
67,0.34541332721710205,23.15593719482422,-567.8056947976442,2.3609161376953125,1000.0,0.0,-637.3099104154035,-295.6404724121094,-712.9574191814942,-268260.0,0.0,104.52971329814514,47826.5
68,0.142339825630188,-20.324573516845703,-690.7416945343139,2.3566787242889404,1000.0,0.0,-637.1044552817591,-299.0200500488281,-690.7416945343139,18383.865234375,0.0,104.03095495896174,41703.3515625
69,-0.08974140882492065,51.34498596191406,-511.6980150580289,2.357036590576172,1000.0,0.0,-637.0570633331453,-302.30255126953125,-759.6748899473766,-46524.2265625,0.0,103.79269410055649,44238.15625
70,0.08073985576629639,14.983678817749023,-643.8797195698643,2.3583829402923584,1000.0,0.0,-637.970935190344,-303.64892578125,-815.9512050371904,-319637.09375,0.0,103.74317229736884,54420.45703125
71,0.015309542417526245,-142.9348907470703,-846.1248472556581,2.3605291843414307,1000.0,0.0,-639.2344655334266,-309.09332275390625,-854.4965025966903,-497695.75,0.0,104.36919539502757,62078.3125
72,-0.1276130974292755,-83.75040435791016,-739.3273200118092,2.361454963684082,1000.0,0.0,-639.9818247726629,-307.72052001953125,-835.4188763046695,-403164.59375,0.0,104.66147218123061,54242.73828125
73,-0.19652366638183594,2.992961883544922,-618.0764835158875,2.3561851978302,1000.0,0.0,-638.7911536265885,-315.09393310546875,-618.0764835158875,271622.8125,0.0,104.61432758815384,38756.73828125
74,0.04665103554725647,96.14002990722656,-458.8601909947326,2.3554813861846924,1000.0,0.0,-638.2223759327453,-332.3430480957031,-731.5392753995611,232885.84375,0.0,104.73038881183193,48237.171875
75,0.0870305597782135,-81.75033569335938,-696.2562874280884,2.3585050106048584,1000.0,0.0,-638.402510948749,-319.5680847167969,-715.3283632926034,21558.025390625,0.0,104.41954020166227,49042.66015625
76,0.3208676278591156,62.24172592163086,-482.7227360839197,2.3604562282562256,1000.0,0.0,-638.0659663994863,-324.4940490722656,-822.5474347060172,66613.6640625,0.0,105.15043418597963,53675.76953125
77,0.15767911076545715,-119.47293853759766,-786.6348021919695,2.355695962905884,1000.0,0.0,-637.4863867789574,-325.47064208984375,-786.6348021919695,115358.3125,0.0,105.2188165482791,48474.6875
78,0.49223724007606506,92.65349578857422,-450.5412517421232,2.3575780391693115,1000.0,0.0,-637.3283114921732,-325.55877685546875,-792.5427628726602,189123.5625,0.0,105.56954975989943,46462.359375
79,0.7260593175888062,63.72395706176758,-610.6795033826236,2.3571953773498535,1000.0,0.0,-637.6484135034436,-332.74951171875,-749.639438729256,-11526.287109375,0.0,105.1747446564956,46425.70703125
80,0.7694987654685974,62.678932189941406,-538.4116541452236,2.3594167232513428,1000.0,0.0,-637.4293833176976,-317.303955078125,-835.4806565433823,13547.712890625,0.0,105.35408439820387,48853.4921875
81,0.9828566312789917,48.84466552734375,-582.5007644040314,2.354098081588745,1000.0,0.0,-637.6183928512665,-328.6044006347656,-735.1209704359974,-25005.0,0.0,104.99146285835361,46424.1875
82,1.1895722150802612,-36.77320861816406,-634.5471671585253,2.3554747104644775,1000.0,0.0,-636.9374296872704,-308.75726318359375,-640.9293552827285,53252.88671875,0.0,104.91886094238926,40830.2890625
83,1.0246479511260986,-22.772172927856445,-534.7887865300956,2.3484387397766113,1000.0,0.0,-636.1745724934627,-309.8459167480469,-654.3424688487216,145441.515625,0.0,104.71735637652013,36511.05078125
84,1.2048097848892212,64.70230865478516,-508.4916353521695,2.351701259613037,1000.0,0.0,-636.3417538513061,-312.51959228515625,-860.9743273717418,-154031.4375,0.0,105.00150182767685,50952.9453125
85,0.7076215147972107,-100.04330444335938,-745.383524525954,2.3479628562927246,1000.0,0.0,-636.3946106555118,-299.7903747558594,-787.2405188058416,-112535.625,0.0,105.09431521721089,50293.17578125
86,0.6305528283119202,-43.27960205078125,-656.715532094237,2.3513119220733643,1000.0,0.0,-636.8803506025542,-301.8944396972656,-863.3127384199173,-280880.46875,0.0,105.09085186616595,56891.78125
87,1.0171016454696655,58.316978454589844,-492.2107016373843,2.3466813564300537,1000.0,0.0,-636.9501554454969,-312.2167053222656,-799.2678529541405,27493.83203125,0.0,105.0507407085014,46803.71875
88,1.1320236921310425,-142.43299865722656,-875.9385020253185,2.3458008766174316,1000.0,0.0,-638.0393107459496,-304.3160400390625,-875.9385020253185,-515185.09375,0.0,105.93693017257515,70361.15625
89,1.0812325477600098,48.08314895629883,-643.0635206866745,2.344912052154541,1000.0,0.0,-637.4391522756753,-304.7038269042969,-702.6051146493835,81858.8046875,0.0,105.92418091180463,41262.296875
90,0.75544273853302,26.32423973083496,-573.9202826353048,2.3468124866485596,1000.0,0.0,-637.7517738428847,-292.83746337890625,-753.9229612279729,-277436.25,0.0,105.67457666102466,49673.4296875
91,0.9522976279258728,-74.24264526367188,-810.7188471968916,2.3414957523345947,1000.0,0.0,-638.1419216806868,-295.98626708984375,-810.7188471968916,-221137.796875,0.0,106.09964485938767,54236.66796875
92,0.6875733733177185,1.9049909114837646,-504.627530765865,2.3388872146606445,1000.0,0.0,-636.9267164085862,-290.0146179199219,-638.8585506237703,284204.21875,0.0,106.34260247211654,33049.42578125
93,0.3831830620765686,-165.842529296875,-924.431201630723,2.341946601867676,1000.0,0.0,-637.8204851482684,-294.53228759765625,-924.431201630723,-343665.1875,0.0,106.8561916742929,59788.2421875
94,0.3277638256549835,59.642879486083984,-489.149361759765,2.3347370624542236,1000.0,0.0,-636.8121697993204,-290.81988525390625,-756.701879684491,92399.4921875,0.0,107.38474845466868,37783.96875
95,0.12263071537017822,-1.549350380897522,-576.5177368361834,2.336303234100342,1000.0,0.0,-636.7660159976134,-301.14239501953125,-807.115107042523,-46936.7578125,0.0,107.29100372242763,47442.05078125
96,0.10375124216079712,-176.31776428222656,-876.1772211621903,2.339219570159912,1000.0,0.0,-636.5848961166394,-292.61395263671875,-876.1772211621903,-257968.25,0.0,107.75739849453765,47173.0546875
97,0.14939960837364197,-23.12693214416504,-688.6230153788297,2.341306686401367,1000.0,0.0,-636.8668206837328,-297.28643798828125,-710.5425100352566,-230129.40625,0.0,107.33626631218856,45355.8359375
98,-0.2825509309768677,-68.5413818359375,-625.7134258471064,2.3418519496917725,1000.0,0.0,-636.3120890652169,-282.1241760253906,-700.873437451542,9335.125,0.0,107.32674802633026,41668.875
99,-0.29445913434028625,6.156173229217529,-635.7167909499933,2.3390052318573,1000.0,0.0,-635.8061969702069,-285.353271484375,-635.7167909499933,23510.669921875,0.0,107.01645607106802,36040.3125
100,-0.1508912444114685,-84.05760955810547,-663.9622059769265,2.341043710708618,1000.0,0.0,-635.6953695753891,-285.8033142089844,-684.4643468833209,-127619.828125,0.0,106.60934581162779,41975.16015625
101,0.4386484622955322,-95.47886657714844,-731.0847726693942,2.34090256690979,1000.0,0.0,-635.5845277720897,-281.84747314453125,-731.0847726693942,-306974.53125,0.0,106.32114778261979,44110.609375
102,0.8208538293838501,12.616243362426758,-558.0167202956453,2.341553211212158,1000.0,0.0,-634.6379647427171,-280.59259033203125,-600.4596400198936,114440.921875,0.0,106.30736655397493,29928.60546875
103,1.2260324954986572,-106.06342315673828,-764.6925495868073,2.3438258171081543,1000.0,0.0,-635.6722313063956,-281.5969543457031,-829.0106855543609,-734509.625,0.0,106.61846977013164,69603.2265625
104,1.3033561706542969,-99.46773529052734,-750.7710034376032,2.3340983390808105,1000.0,0.0,-635.2382414221381,-280.4547119140625,-750.7710034376032,-189768.15625,0.0,106.54395400089342,37663.48828125
105,1.7741938829421997,4.811383247375488,-581.2115689043776,2.3360490798950195,1000.0,0.0,-635.3632597887073,-278.558349609375,-773.3964564832482,-288259.5,0.0,106.26002420215795,47382.46484375
106,1.7590205669403076,-9.987083435058594,-571.2514002924177,2.3354415893554688,1000.0,0.0,-635.3021257284139,-277.4140319824219,-745.042200942926,-359055.9375,0.0,106.07092896987115,43762.7734375
107,1.3880856037139893,-19.390304565429688,-643.0193578900386,2.3328967094421387,1000.0,0.0,-634.6408170285333,-277.43743896484375,-678.4691540297722,967.1906127929688,0.0,106.09369607271232,36489.98828125
108,1.266025185585022,-61.97494888305664,-649.1832833876654,2.3306727409362793,1000.0,0.0,-634.0848409980346,-274.3879089355469,-649.1832833876654,-115558.828125,0.0,105.87165762336843,34862.640625
109,1.149566650390625,10.036321640014648,-624.2576393859949,2.3324100971221924,1000.0,0.0,-634.6187085189024,-279.1750183105469,-790.7939168039893,-326063.59375,0.0,105.8110826237604,47469.83984375
110,0.9274946451187134,-62.861541748046875,-624.1006434374018,2.3314337730407715,1000.0,0.0,-634.4465179989726,-273.262451171875,-836.4496937696931,-263583.4375,0.0,106.0947379137577,44060.8671875
111,1.135006070137024,-27.857934951782227,-483.3693603900117,2.3273768424987793,1000.0,0.0,-634.0245854330564,-276.6064147949219,-793.0091732643236,-272325.3125,0.0,106.21650423904846,43636.04296875
112,0.8147739171981812,23.28519058227539,-482.9071190257467,2.326779365539551,1000.0,0.0,-633.6619586034875,-278.1835021972656,-653.2131652633249,-95946.9765625,0.0,105.97683770636162,36900.0859375
113,0.4056223928928375,-21.809064865112305,-613.047344903702,2.3236632347106934,1000.0,0.0,-633.6849338642702,-279.3273620605469,-730.8637261919209,-151527.6875,0.0,105.66453663291907,43175.36328125
114,0.14622259140014648,-58.213165283203125,-705.0624564502173,2.3263118267059326,1000.0,0.0,-633.4835954144663,-276.9353942871094,-705.0624564502173,-264614.78125,0.0,105.36899347902045,38121.8046875
115,0.15614625811576843,-98.99967193603516,-756.8189611511963,2.3232460021972656,1000.0,0.0,-633.2127948411024,-280.5479736328125,-756.8189611511963,-196703.875,0.0,105.30149391030349,39944.42578125
116,0.24180477857589722,-49.56058883666992,-729.9948019478974,2.328561305999756,1000.0,0.0,-633.9522790011429,-282.0630187988281,-840.9441277637682,-482617.40625,0.0,105.43682441023992,55455.51171875
117,0.0057648420333862305,-5.118251323699951,-677.0910371906583,2.328281879425049,1000.0,0.0,-634.3257344597042,-277.0118713378906,-854.361600205521,-456316.9375,0.0,105.46234312425774,54922.55078125
118,-0.04126924276351929,-52.09011459350586,-688.2139045966262,2.3232619762420654,1000.0,0.0,-634.4490959347337,-282.5530090332031,-757.1411609284928,-374909.8125,0.0,105.28577543046386,49274.3671875
119,-0.38555774092674255,-34.11197280883789,-667.5024965378262,2.32584810256958,1000.0,0.0,-634.5250054647432,-281.3988952636719,-809.7482248354322,-265575.6875,0.0,105.36127989301774,48385.7265625
120,-0.2940550744533539,1.8468362092971802,-583.2153396529742,2.326803684234619,1000.0,0.0,-634.4174290951457,-284.8484802246094,-768.5002763652309,-265743.5625,0.0,105.2753423675404,44002.24609375
121,-0.3702390193939209,29.325098037719727,-603.8799274707142,2.3283579349517822,1000.0,0.0,-633.5607593173011,-283.7409973144531,-603.8799274707142,178198.96875,0.0,105.44090642929604,33032.7421875
122,-0.05086740851402283,7.507164001464844,-633.5469207379417,2.3280060291290283,1000.0,0.0,-633.3509434593,-285.2153625488281,-672.671595559096,-69250.171875,0.0,105.14091159772092,37633.7578125
123,-0.1291915476322174,31.017866134643555,-611.1313744810076,2.3266756534576416,1000.0,0.0,-632.8961079199779,-290.0413513183594,-701.685533834693,154000.421875,0.0,105.05261474677961,37884.5390625
124,-0.3084614872932434,42.60968017578125,-469.6442121431091,2.3285629749298096,1000.0,0.0,-632.4023425529233,-283.10693359375,-652.6100575584921,-10422.1875,0.0,104.99855227317258,36515.03125
125,-0.15937727689743042,-44.47427749633789,-724.0921582359402,2.331118106842041,1000.0,0.0,-632.5429583505392,-287.3618469238281,-724.0921582359402,-356479.84375,0.0,104.73612597646759,47192.3046875
126,-0.24477165937423706,-82.64085388183594,-726.456505326883,2.325669050216675,1000.0,0.0,-632.0399661779045,-290.3532409667969,-726.456505326883,42007.23828125,0.0,104.75278837032481,34561.2421875
127,-0.13574570417404175,15.036651611328125,-591.5215526443912,2.327338457107544,1000.0,0.0,-631.8448763461631,-289.55877685546875,-736.0214439157904,-153557.796875,0.0,104.83797722706704,41879.703125
128,-0.2913196384906769,-69.63360595703125,-699.9653152865424,2.332608461380005,1000.0,0.0,-631.4428886104135,-283.8731384277344,-700.7859627993068,-64453.7578125,0.0,104.98970482119026,37649.09375
129,-0.1076849102973938,19.778642654418945,-462.32586349426964,2.3249435424804688,1000.0,0.0,-630.8058348322776,-277.6405944824219,-674.6231555968159,98395.1171875,0.0,105.01020939510147,31717.01171875
130,-0.5824615359306335,-2.5440359115600586,-501.26812037002156,2.3230741024017334,1000.0,0.0,-630.1183973527554,-283.2218017578125,-718.9953976377872,-121711.625,0.0,105.19054193583283,38853.24609375
131,-0.22831928730010986,7.356288909912109,-499.6698845013574,2.330963373184204,1000.0,0.0,-629.747863310469,-278.3427734375,-692.8617409666858,-63685.73828125,0.0,105.01980204966301,37108.53515625
132,-0.45326730608940125,33.1058349609375,-560.9762273767826,2.331174850463867,1000.0,0.0,-629.9295693691406,-285.1989440917969,-744.3037520882385,-285502.0,0.0,104.92400550698846,48651.16796875
133,-0.32876914739608765,30.875701904296875,-478.4075715540684,2.328355312347412,1000.0,0.0,-630.1588693381073,-277.2580871582031,-807.4422476885861,-461335.09375,0.0,105.22781830555071,54468.73828125
134,-0.12112388014793396,-138.30795288085938,-822.0658020355361,2.3344192504882812,1000.0,0.0,-630.3642967250514,-283.7570495605469,-822.0658020355361,-252872.75,0.0,105.30072736158974,49742.9921875
135,0.3109859526157379,-121.55216979980469,-752.5680694242483,2.333160877227783,1000.0,0.0,-630.3038264662471,-286.597900390625,-752.5680694242483,-225876.296875,0.0,105.13318536465701,44261.65625
136,0.0871799886226654,-110.7800064086914,-781.111516139916,2.3332409858703613,1000.0,0.0,-630.2656142302463,-283.7518310546875,-781.111516139916,-201045.703125,0.0,105.04210706133397,44187.3671875
137,0.13396555185317993,-78.51753234863281,-728.7050778708715,2.33302640914917,1000.0,0.0,-630.5186370226035,-283.4466247558594,-783.2642868649557,-271857.84375,0.0,104.91035137376426,47877.26171875
138,-0.03907403349876404,-62.39179611206055,-692.2266212221807,2.3331704139709473,1000.0,0.0,-630.6690944903926,-282.1102600097656,-692.2266212221807,-346137.40625,0.0,104.63221606386386,48149.0234375
139,-0.34670183062553406,33.36989974975586,-557.7140253198298,2.3312320709228516,1000.0,0.0,-630.7604979889504,-280.5775146484375,-827.8187513810251,-213811.828125,0.0,104.65180078651395,44598.17578125
140,-0.09894928336143494,42.29794692993164,-490.48994063050617,2.3304076194763184,1000.0,0.0,-630.3756340621275,-285.9737854003906,-647.7594701292285,5714.05322265625,0.0,104.5174093439055,34713.68359375
141,-0.436495304107666,-4.995763778686523,-595.6755746360084,2.331768751144409,1000.0,0.0,-630.1903864228485,-283.0238952636719,-699.390149938311,-138589.140625,0.0,104.43911180297981,45443.47265625
142,-0.08586746454238892,-132.78199768066406,-913.0142447889992,2.334617853164673,1000.0,0.0,-630.9268993562862,-284.98956298828125,-913.0142447889992,-399655.40625,0.0,104.74948696345828,59770.42578125
143,-0.03803601861000061,40.44046401977539,-424.8182940123065,2.329746723175049,1000.0,0.0,-630.474809429528,-279.5439147949219,-706.6357962392898,-179225.546875,0.0,104.86871545754832,38620.96875
144,0.35608839988708496,-49.87401580810547,-731.4397214883618,2.333190441131592,1000.0,0.0,-630.3889099052983,-286.1585388183594,-731.4397214883618,-184517.765625,0.0,104.79906867978417,41134.88671875
145,0.603000283241272,-4.147668361663818,-545.8970917833215,2.330143690109253,1000.0,0.0,-630.0357385174239,-287.09613037109375,-713.2629207101207,-136057.765625,0.0,104.78425024522784,40099.55078125
146,0.5879911780357361,23.171571731567383,-591.620554280828,2.3320202827453613,1000.0,0.0,-630.2316527733738,-288.78472900390625,-861.7460978380625,-312006.25,0.0,105.0677974169362,54620.76953125
147,0.36982205510139465,12.499772071838379,-523.7900946938837,2.329101800918579,1000.0,0.0,-630.0207731929108,-277.3890380859375,-748.165192735398,-111610.875,0.0,104.99669071312019,40963.37890625
148,0.19341185688972473,-1.5366339683532715,-613.3614839870925,2.3243248462677,1000.0,0.0,-629.5733390084243,-290.8937072753906,-635.5823434865536,78500.0078125,0.0,104.91127671936094,35353.78125
149,0.14818137884140015,-69.82286834716797,-621.6798106371225,2.3272430896759033,1000.0,0.0,-629.4535623862777,-288.82098388671875,-772.7698495493171,-243168.875,0.0,104.92470138869658,46473.25
150,-0.3039240539073944,24.473623275756836,-489.99522037036854,2.325211524963379,1000.0,0.0,-629.4661019131971,-280.777099609375,-769.9346986995786,-165027.828125,0.0,104.84387782279724,43118.69140625
151,-0.30980271100997925,-14.68310260772705,-567.6048346995867,2.3318440914154053,1000.0,0.0,-629.5195365892874,-285.4493408203125,-822.1891445434181,-136600.546875,0.0,104.90489602797739,45113.625
152,-0.2248443067073822,42.934940338134766,-488.9812555426986,2.3282816410064697,1000.0,0.0,-629.0852525175668,-280.2391357421875,-710.3034230420557,115765.5859375,0.0,105.19600671302825,36054.34375
153,0.009722739458084106,48.656280517578125,-489.5382628932236,2.3273568153381348,1000.0,0.0,-628.7193501936541,-287.2939147949219,-695.0950476346287,31223.775390625,0.0,105.2256631913644,40400.15234375
154,-0.07119297981262207,32.33243179321289,-468.2851563032475,2.33282732963562,1000.0,0.0,-628.2839901367056,-297.16510009765625,-669.0955400753451,202284.84375,0.0,105.18702826754871,38072.48828125
155,0.05509665608406067,35.65678024291992,-599.9698106124359,2.3315646648406982,1000.0,0.0,-627.9253323297568,-298.875732421875,-716.2453177296744,-20600.666015625,0.0,105.40457692923408,40692.07421875
156,0.09573009610176086,69.84355926513672,-510.48174518581203,2.327056407928467,1000.0,0.0,-627.379192219346,-282.14715576171875,-673.0861171871379,81114.609375,0.0,105.44716909659529,36276.16796875
157,0.23062032461166382,21.579877853393555,-436.75253262938986,2.325072765350342,1000.0,0.0,-626.6087937930084,-272.0968017578125,-558.2330108205439,116209.578125,0.0,105.60792405201855,28853.302734375
158,-0.003419041633605957,-38.51987838745117,-650.105587769917,2.333526611328125,1000.0,0.0,-626.7769353726885,-282.79095458984375,-927.1658019917254,-239525.46875,0.0,105.967118027781,54500.73828125
159,0.4320339858531952,16.975175857543945,-552.6201267204524,2.3295369148254395,1000.0,0.0,-626.7983858220588,-270.0433654785156,-746.4413013257915,-331793.65625,0.0,105.96737121606303,44978.5546875
160,0.6808897852897644,-11.773236274719238,-597.7525141303341,2.3327414989471436,1000.0,0.0,-626.5973828017485,-279.6519470214844,-669.5769999695707,2482.19384765625,0.0,105.74774570395948,36252.67578125
161,0.9362977743148804,-110.50535583496094,-781.5577428202057,2.3301193714141846,1000.0,0.0,-626.8953160387903,-279.49945068359375,-781.5577428202057,-427155.59375,0.0,105.59978107763747,51098.1953125
162,0.6587137579917908,-33.735069274902344,-555.7092808810976,2.3258790969848633,1000.0,0.0,-626.2808317534773,-276.0805969238281,-578.5478064427674,-16088.802734375,0.0,105.63221874916698,27275.193359375
163,0.38006123900413513,-166.03781127929688,-791.420822356182,2.3323581218719482,1000.0,0.0,-626.406635093668,-274.3545227050781,-791.420822356182,-468693.6875,0.0,105.5135529949837,50740.51171875
164,0.39606332778930664,-3.5674452781677246,-511.65621051541916,2.33048939704895,1000.0,0.0,-625.9013925355796,-268.5120849609375,-692.8693649462318,-20716.65234375,0.0,105.71006137357135,30330.68359375
165,0.5213491320610046,-95.54632568359375,-733.1706267397022,2.33223295211792,1000.0,0.0,-625.818698281285,-272.0975036621094,-733.1706267397022,-200589.125,0.0,105.85935900409875,41547.90234375
166,0.8876914978027344,-72.42808532714844,-648.1183941423769,2.331266164779663,1000.0,0.0,-625.8334024998687,-272.06976318359375,-759.4582903123156,-262149.625,0.0,105.83097251353671,43375.3125
167,0.6899646520614624,-102.8530502319336,-722.4396521513902,2.3246493339538574,1000.0,0.0,-625.2947585089042,-280.5153503417969,-722.4396521513902,-33496.51171875,0.0,105.99776160569111,34817.05078125
168,0.5978431701660156,-7.635055065155029,-581.5351174387526,2.3306336402893066,1000.0,0.0,-625.4479675396245,-272.8578796386719,-733.4271390716647,-484852.90625,0.0,105.82955563528931,55884.9609375
169,0.30265697836875916,-14.175338745117188,-520.1581222416394,2.321904182434082,1000.0,0.0,-624.8113462527062,-272.1259460449219,-636.5267919988089,-51106.76171875,0.0,105.96094738671867,27436.35546875
170,0.6988968253135681,16.757768630981445,-567.4035325035513,2.325188159942627,1000.0,0.0,-624.5703913802157,-263.8570251464844,-652.6332021034109,-9312.822265625,0.0,105.74416407039843,35167.45703125
171,0.9818158745765686,3.7546632289886475,-508.17368879427096,2.3239665031433105,1000.0,0.0,-624.3052283485375,-257.041748046875,-657.6487199145813,-128590.6640625,0.0,105.57253615583737,35783.0390625
172,0.8956989645957947,-69.95932006835938,-635.5045241192861,2.3235340118408203,1000.0,0.0,-624.1562507044272,-273.6509704589844,-718.9890646521559,-142736.75,0.0,105.42426889018392,37739.1484375
173,0.9298288226127625,30.663311004638672,-516.7001076409081,2.3239617347717285,1000.0,0.0,-624.015197917664,-288.4243469238281,-683.4529896295317,-170891.71875,0.0,105.25951886761048,38888.75
174,0.7979206442832947,-23.861120223999023,-605.0685463949815,2.322535514831543,1000.0,0.0,-623.6962150015886,-266.020263671875,-605.0685463949815,-90751.15625,0.0,105.0762919349538,31186.056640625
175,0.8205710053443909,-59.714744567871094,-627.7981869007751,2.323972225189209,1000.0,0.0,-623.619322726844,-271.5467834472656,-773.1062581379322,-266816.75,0.0,105.00701149960156,40249.51953125
176,0.7867009043693542,21.139060974121094,-546.9009435547675,2.323221445083618,1000.0,0.0,-623.2233017642822,-269.6898498535156,-630.6910135217443,128053.5859375,0.0,104.88828016379725,33681.98828125
177,0.5829173922538757,45.085811614990234,-493.07231366068646,2.322474718093872,1000.0,0.0,-623.1067968233592,-270.949951171875,-770.5431935586635,-232157.53125,0.0,104.82977645701597,40716.56640625
178,0.5194404125213623,7.078192234039307,-573.2803575657308,2.3195419311523438,1000.0,0.0,-622.7634583371433,-271.41937255859375,-596.7765551331563,-40394.69140625,0.0,104.68427476498617,31426.0625
179,0.38757070899009705,-32.77016067504883,-585.4382059961303,2.3187947273254395,1000.0,0.0,-622.3990097125104,-271.50347900390625,-690.9308975986166,-109659.2734375,0.0,104.66094911616058,37146.73828125
180,0.41739675402641296,-83.58283233642578,-653.2274638996196,2.317551612854004,1000.0,0.0,-622.2834761733401,-271.7179260253906,-653.2274638996196,-160974.328125,0.0,104.43645301656792,38978.0546875
181,0.38987261056900024,-41.557228088378906,-623.3358739376188,2.3209733963012695,1000.0,0.0,-621.7976339116972,-270.02850341796875,-623.3358739376188,-56952.4375,0.0,104.42454504717311,25932.779296875
182,-0.003896087408065796,-74.7103271484375,-725.8883793492844,2.321636199951172,1000.0,0.0,-622.1863067335715,-269.931884765625,-725.8883793492844,-523865.90625,0.0,104.29586976446997,54261.14453125
183,0.27836185693740845,-8.63070297241211,-559.0938436124154,2.31514310836792,1000.0,0.0,-621.7869703681541,-271.0883483886719,-691.8207100591936,-59964.8125,0.0,104.31520374872976,33678.8046875
184,-0.23247891664505005,-5.241591453552246,-498.1190362942551,2.3169941902160645,1000.0,0.0,-621.338691343223,-265.17523193359375,-573.0782396512855,75374.046875,0.0,104.22581740027528,31319.828125
185,-0.429129958152771,-28.829343795776367,-626.3055809472779,2.320469617843628,1000.0,0.0,-620.8332435798629,-265.8974609375,-626.3055809472779,161234.328125,0.0,104.3619705520229,32857.89453125
186,-0.44581466913223267,28.473926544189453,-476.0338874860287,2.314462184906006,1000.0,0.0,-620.4337075087506,-264.32080078125,-683.531325230459,2289.112548828125,0.0,104.3944128153834,30870.65234375
187,-0.23417538404464722,17.182601928710938,-498.76280196138634,2.321293830871582,1000.0,0.0,-619.9275047887212,-262.17071533203125,-622.4487097552378,-34972.83203125,0.0,104.47789556920952,30666.18359375
188,-0.15313458442687988,30.085485458374023,-482.4376746296616,2.321807384490967,1000.0,0.0,-619.7493082722217,-251.7671661376953,-685.0376429900931,-130115.984375,0.0,104.39808639979593,35223.9765625
189,-0.5530311465263367,-138.4251251220703,-766.305393768338,2.321899890899658,1000.0,0.0,-619.6168922039982,-262.643310546875,-766.305393768338,-279081.1875,0.0,104.44013129373475,38218.0078125
190,-0.31472235918045044,-17.57998275756836,-606.4442966998351,2.318345308303833,1000.0,0.0,-619.3944858802265,-264.5845031738281,-610.7760070842064,-191102.21875,0.0,104.26680793606278,35392.6328125
191,-0.397290974855423,24.890817642211914,-448.7762258642936,2.3256068229675293,1000.0,0.0,-618.9987179135366,-262.84747314453125,-689.0012047891623,-43284.3515625,0.0,104.31942920266299,31641.802734375
192,-0.22466617822647095,-46.32483673095703,-633.4197257134897,2.3232970237731934,1000.0,0.0,-618.8673646825539,-266.2982177734375,-709.5122225325214,-256235.921875,0.0,104.18309100986443,36862.3828125
193,0.01150241494178772,12.56932544708252,-505.7905641471223,2.318451404571533,1000.0,0.0,-618.5518010628151,-260.99969482421875,-628.074457799842,-73274.2265625,0.0,104.0807008187569,28771.95703125
194,0.1572953462600708,24.311492919921875,-506.98166839291474,2.324462413787842,1000.0,0.0,-618.1183482448488,-267.4893798828125,-663.2690738290145,49587.02734375,0.0,104.28258020960493,32279.927734375
195,-0.20867320895195007,80.95266723632812,-406.4562429918367,2.322233200073242,1000.0,0.0,-617.8211761719094,-256.71209716796875,-655.1826851142712,-57157.5859375,0.0,104.30991706232177,35004.8515625
196,0.03216487169265747,-109.61104583740234,-627.3570030574099,2.3216023445129395,1000.0,0.0,-617.9669305373886,-259.39910888671875,-840.9478270918625,-567874.375,0.0,104.33505164460115,51173.578125
197,0.3516353368759155,-48.42341613769531,-581.7200771963883,2.323594093322754,1000.0,0.0,-617.8197298009684,-260.0806579589844,-655.8108296562475,-127380.3359375,0.0,104.22295670949218,36354.984375
198,0.4241659641265869,7.400410175323486,-510.2235642751709,2.321232318878174,1000.0,0.0,-617.647221488558,-259.51239013671875,-696.4689547169273,-238298.671875,0.0,104.12733675312394,38878.015625
199,0.8449611663818359,-113.1722640991211,-624.2807017822247,2.317950487136841,1000.0,0.0,-617.2843597000656,-261.5712890625,-693.531893040624,-238663.125,0.0,104.23654257536892,33136.05859375
200,0.7657147645950317,-39.2081298828125,-531.4703665591979,2.312513828277588,1000.0,0.0,-616.7738370816865,-245.33633422851562,-534.5271226476225,-201982.140625,0.0,104.24231587762971,29587.20703125
201,0.6135320067405701,-8.595829010009766,-535.5116024668642,2.309530735015869,1000.0,0.0,-616.2328832816261,-247.04550170898438,-545.8695837376879,-18939.677734375,0.0,104.28721181582563,24968.18359375
202,0.6351675987243652,23.258277893066406,-583.9945235325547,2.3201117515563965,1000.0,0.0,-615.995327106296,-260.96441650390625,-645.7170714885177,-187014.90625,0.0,104.16678106231055,34114.13671875
203,0.686048150062561,-79.49783325195312,-600.6847884116202,2.3222262859344482,1000.0,0.0,-616.1034036556943,-259.1556701660156,-704.7768012505187,-500434.0625,0.0,103.9612282810979,42315.7734375
204,0.5757391452789307,-12.463837623596191,-630.1054568523913,2.311461925506592,1000.0,0.0,-615.6657673514093,-264.3291015625,-630.1054568523913,10815.3935546875,0.0,103.979498073175,28419.12109375
205,0.9881894588470459,-12.88545036315918,-541.4811169228669,2.3138723373413086,1000.0,0.0,-615.3226191296416,-245.35797119140625,-613.5126265529219,-102483.828125,0.0,104.01203582123505,30697.365234375
206,1.0808357000350952,-23.14767074584961,-558.7020769693163,2.3103249073028564,1000.0,0.0,-615.1239354983384,-248.72898864746094,-682.0191416538457,-230081.65625,0.0,104.01315191409161,35165.80078125
207,1.1571964025497437,26.88816261291504,-575.1574374763151,2.312455415725708,1000.0,0.0,-614.8541016560014,-263.0293273925781,-659.3604676430906,-111212.25,0.0,103.915201745558,36311.4453125
208,1.1326580047607422,63.062679290771484,-505.959445759558,2.312110662460327,1000.0,0.0,-614.9644020722751,-265.1991882324219,-807.3255921752772,-210766.796875,0.0,103.94766362647597,41310.19921875
209,0.8178983330726624,-51.603126525878906,-630.1033863439616,2.3108878135681152,1000.0,0.0,-615.1736144931021,-265.567626953125,-815.0046212518407,-547269.8125,0.0,104.00362318180527,50317.69140625
210,1.172692060470581,12.218546867370605,-508.81450279383563,2.3078181743621826,1000.0,0.0,-615.0190896925445,-254.397705078125,-819.9181583119296,-167682.28125,0.0,104.21853946486036,38128.3515625
211,0.9214956760406494,30.134260177612305,-486.91285429036844,2.30646014213562,1000.0,0.0,-614.6785087463073,-263.547607421875,-658.4165470423857,-31465.84375,0.0,104.2402462812047,31135.25390625
212,0.6112027764320374,-49.134334564208984,-607.4825642566348,2.309283494949341,1000.0,0.0,-614.3736877007406,-266.4184265136719,-652.6248906098749,-215836.703125,0.0,104.19205335056225,35028.0859375
213,0.8397483229637146,-17.32069969177246,-471.3244240410954,2.2998569011688232,1000.0,0.0,-614.1176016016951,-247.93603515625,-762.9197940955444,-115163.703125,0.0,104.28676421065775,37568.3515625
214,-0.21882286667823792,23.342802047729492,-532.6743580707564,2.306454658508301,1000.0,0.0,-614.4129058223727,-263.88165283203125,-776.4110809506494,-492012.4375,0.0,104.29288412575599,52046.09375
215,0.021552294492721558,-65.83462524414062,-677.4247881091641,2.308211088180542,1000.0,0.0,-614.2090227224708,-274.9309997558594,-677.4247881091641,-113066.4375,0.0,104.3236380778547,38224.203125
216,0.47938451170921326,10.795597076416016,-507.72710566362525,2.3041253089904785,1000.0,0.0,-613.8242333261763,-262.6726379394531,-637.912907937224,28849.30078125,0.0,104.35828469722532,29209.052734375
217,0.48270344734191895,61.80790710449219,-479.24854925897944,2.3027358055114746,1000.0,0.0,-613.3966628472087,-274.9067077636719,-649.2439853011567,83123.5,0.0,104.43431757779949,31694.833984375
218,0.4482511579990387,24.594566345214844,-438.055060636015,2.2958765029907227,1000.0,0.0,-613.168697427628,-255.0739288330078,-773.060276556318,-270161.40625,0.0,104.5600480429632,36854.1953125
219,0.21127042174339294,-59.69804763793945,-685.6531961388437,2.3028769493103027,1000.0,0.0,-613.1904303405204,-280.7467956542969,-685.6531961388437,-154544.84375,0.0,104.38790928422526,40414.8203125
220,0.02441355586051941,52.22777557373047,-382.1770387411266,2.2987966537475586,1000.0,0.0,-613.0730668160456,-256.1622619628906,-810.5499747514468,-314711.40625,0.0,104.65239598737543,41588.3359375
221,0.047499001026153564,59.122188568115234,-478.6785020050225,2.3015503883361816,1000.0,0.0,-612.841406361439,-278.0112609863281,-801.3163943331426,19475.28125,0.0,104.80765895817602,35033.578125
222,0.7197115421295166,-10.801071166992188,-505.9692502002178,2.299975872039795,1000.0,0.0,-612.6291775878572,-257.1157531738281,-675.302181235398,-196377.78125,0.0,104.74898795203704,33434.9921875
223,0.6821694374084473,-6.313625335693359,-631.4906984583783,2.298949718475342,1000.0,0.0,-612.4944823232889,-274.4598388671875,-644.3455928647452,-154798.21875,0.0,104.60919017260626,36758.42578125
224,0.572473406791687,48.804786682128906,-399.2032272111418,2.3041560649871826,1000.0,0.0,-612.0007593182036,-269.9916076660156,-607.7284209340734,146235.234375,0.0,104.7369434947359,27981.39453125
225,0.15713679790496826,-46.46826934814453,-607.430175074365,2.2971012592315674,1000.0,0.0,-611.7129306410045,-275.5076599121094,-607.430175074365,12919.662109375,0.0,104.62791470610279,32277.646484375
226,0.33368831872940063,26.825279235839844,-469.63818336870145,2.3012888431549072,1000.0,0.0,-611.819065258116,-278.98126220703125,-697.581498321664,-387769.8125,0.0,104.5598098595502,49871.7265625
227,0.6099784970283508,-10.128289222717285,-625.5434511640609,2.2998645305633545,1000.0,0.0,-611.7127249633156,-276.38140869140625,-644.8072515195907,-48039.37890625,0.0,104.44216939298805,37567.9296875
228,0.47492867708206177,-24.510576248168945,-561.372972113177,2.3007922172546387,1000.0,0.0,-611.5555659941433,-271.7735290527344,-616.5095642587132,-2890.54052734375,0.0,104.2703665389483,35102.86328125
229,0.4421968162059784,14.598198890686035,-520.3343348164326,2.2951817512512207,1000.0,0.0,-611.2712193784292,-262.2735290527344,-674.9201970266811,-12483.9248046875,0.0,104.26035342183906,29573.578125
230,0.47373467683792114,52.981021881103516,-461.68998192131545,2.2977042198181152,1000.0,0.0,-611.1227952819446,-270.1163635253906,-735.0120320328888,-65975.546875,0.0,104.34280000752548,36703.76171875
231,0.40033093094825745,-2.9720773696899414,-531.4033695278935,2.298602342605591,1000.0,0.0,-610.9100173942098,-272.0939636230469,-788.0365167898086,-128352.5234375,0.0,104.45006164874788,35425.96875
232,0.3519750237464905,-11.74891471862793,-571.2907668383064,2.2963414192199707,1000.0,0.0,-610.6842339548093,-272.102783203125,-705.231642984473,-86464.25,0.0,104.42179294589387,32231.8125
233,0.6526514887809753,-53.160621643066406,-657.5999566168798,2.3001937866210938,1000.0,0.0,-610.661827941011,-271.8545227050781,-669.7633794109066,-366030.8125,0.0,104.27033741199287,39973.1640625
234,0.19848105311393738,-54.686607360839844,-627.324561417094,2.2966790199279785,1000.0,0.0,-610.8942790434049,-265.9169006347656,-856.8123375793725,-543424.5,0.0,104.46539923763198,53303.20703125
235,0.21795180439949036,-41.293731689453125,-673.7270906111603,2.296919822692871,1000.0,0.0,-610.8538666297062,-271.9491882324219,-744.5329457087711,-352026.9375,0.0,104.49244610603775,42368.9140625
236,-0.059352755546569824,6.201200485229492,-512.644640048105,2.293851852416992,1000.0,0.0,-610.5895661013532,-272.0020446777344,-595.6734271342873,16559.552734375,0.0,104.37171930584898,32099.380859375
237,0.14867106080055237,-68.58039855957031,-658.7146811123273,2.2883758544921875,1000.0,0.0,-610.4004044269356,-271.7278137207031,-658.7146811123273,-126188.8125,0.0,104.27976507500361,30436.34375
238,0.09510546922683716,4.511783123016357,-487.4792976612274,2.2930264472961426,1000.0,0.0,-609.9924125273458,-274.18658447265625,-648.9423463353912,33352.09375,0.0,104.4039024468665,29576.712890625
239,-0.5281459093093872,-42.995113372802734,-593.0011122924867,2.2969858646392822,1000.0,0.0,-609.7291434448231,-272.4643249511719,-685.5152965578791,-61859.3828125,0.0,104.52153195322059,37439.3515625
240,-0.706113338470459,-22.500991821289062,-511.1144447984227,2.2973856925964355,1000.0,0.0,-609.3746818078062,-273.1615295410156,-583.8222465619267,-125531.796875,0.0,104.47896245217574,30328.546875
241,-0.6455571055412292,-52.177467346191406,-570.6830685360401,2.296776294708252,1000.0,0.0,-609.1948217084202,-271.250244140625,-678.4558249913282,-251197.40625,0.0,104.39191507904494,35822.48046875
242,-0.5668474435806274,-17.02086067199707,-541.7206779950621,2.2981467247009277,1000.0,0.0,-609.0902850176274,-277.7222900390625,-703.2326369703362,-172022.03125,0.0,104.27568856075987,35522.12890625
243,-0.571686863899231,20.124038696289062,-417.641366822568,2.2951416969299316,1000.0,0.0,-608.6976481719144,-246.37142944335938,-630.100352238389,134210.40625,0.0,104.3634661470772,29755.49609375
244,-0.8135008811950684,19.436519622802734,-532.9081022035436,2.2998766899108887,1000.0,0.0,-608.3987406904461,-256.839599609375,-611.4224032540124,-89079.5703125,0.0,104.31717270163767,31925.662109375
245,-0.6343941688537598,-78.08576965332031,-619.5160570782373,2.3037285804748535,1000.0,0.0,-608.4445717350068,-279.1519470214844,-702.5481406414888,-383357.0625,0.0,104.17551977899268,40321.37890625
246,-0.36143890023231506,-31.334924697875977,-559.9720101011569,2.3001911640167236,1000.0,0.0,-608.3488814724228,-269.3133544921875,-813.6762868407645,-247810.90625,0.0,104.23681256716941,38985.3671875
247,-0.8135924339294434,-28.414573669433594,-581.4538870166183,2.3053317070007324,1000.0,0.0,-608.3793707948788,-269.94134521484375,-748.7545903067087,-270902.96875,0.0,104.15613730115842,44847.60546875
248,-0.5279510617256165,61.31690979003906,-488.3591580731549,2.305751323699951,1000.0,0.0,-608.3003943741229,-271.1280212402344,-748.0429772765126,-164931.921875,0.0,104.13363079945906,37665.78515625
249,-0.6001651287078857,-9.975991249084473,-583.7102158160819,2.3038604259490967,1000.0,0.0,-608.0114808988751,-276.7549133300781,-583.7102158160819,-16449.59375,0.0,104.04018893232315,27028.31640625
250,-0.6852665543556213,-12.17094612121582,-602.285919475981,2.305744171142578,1000.0,0.0,-608.2237808791601,-296.441650390625,-717.7446369766558,-374964.71875,0.0,103.92122220534762,48010.9375
251,-0.49081844091415405,64.71269226074219,-420.17795548222807,2.3050971031188965,1000.0,0.0,-608.1032213930757,-272.634033203125,-718.8959613312932,-61528.8515625,0.0,103.9826745772184,41002.1875
252,-0.9487518072128296,19.468242645263672,-468.5960252440712,2.2998344898223877,1000.0,0.0,-607.7582468825893,-260.4059753417969,-576.3306400926922,21282.236328125,0.0,103.96301274535683,25149.50390625
253,-1.454014539718628,-7.973959445953369,-507.44105279694753,2.3098666667938232,1000.0,0.0,-607.4208764744445,-278.9685974121094,-575.6992371507957,123001.984375,0.0,103.91778899570018,32136.28125
254,-1.65068781375885,18.23508644104004,-513.8772726220192,2.3129124641418457,1000.0,0.0,-607.3490766708409,-280.2052307128906,-730.6979249131474,-159662.25,0.0,103.82986246411727,34337.18359375
255,-1.5233443975448608,-12.444107055664062,-602.908235293743,2.312253475189209,1000.0,0.0,-607.2311785150644,-278.6136474609375,-653.7686536252629,-122675.484375,0.0,103.73382315125228,37562.17578125
256,-1.4112979173660278,103.96745300292969,-403.96236732878594,2.315783739089966,1000.0,0.0,-606.815594295693,-275.1561584472656,-615.7450460413445,241924.296875,0.0,103.89925183586314,31491.18359375
257,-1.3981035947799683,-25.5727596282959,-601.8101782591743,2.3125529289245605,1000.0,0.0,-606.4332572431128,-275.6512756347656,-601.8101782591743,103890.859375,0.0,103.98592606195533,25601.65625
258,-1.2725088596343994,7.495196342468262,-520.3334809603846,2.31815767288208,1000.0,0.0,-606.3349481080809,-273.4590148925781,-712.5124135225863,-62883.8671875,0.0,103.98079905481981,36671.71875
259,-1.2790738344192505,-52.94150924682617,-646.4436396134738,2.3199210166931152,1000.0,0.0,-606.3206154908193,-273.20452880859375,-745.199765262082,-243428.375,0.0,104.04320429051978,42684.92578125
260,-1.289201259613037,-38.385372161865234,-656.3874550721172,2.3216278553009033,1000.0,0.0,-606.2371832145311,-269.3854675292969,-664.2393678713204,-112286.671875,0.0,103.94083697297074,35749.625
261,-0.8735675811767578,-45.17091369628906,-565.275606113546,2.3190977573394775,1000.0,0.0,-606.0652875612082,-247.7141571044922,-643.7061459026716,-81326.7890625,0.0,103.84617119118673,34416.6875
262,-0.7362514138221741,-21.019554138183594,-567.4344766819728,2.3265037536621094,1000.0,0.0,-605.787167884709,-269.02960205078125,-595.7791268754913,50100.87109375,0.0,103.80853227487847,30437.03515625
263,-0.39555051922798157,2.056041955947876,-413.1134384895918,2.3227033615112305,1000.0,0.0,-605.3835788540916,-245.2606658935547,-556.8410202257293,-14018.3935546875,0.0,103.87099615856246,25028.162109375
264,0.08258166909217834,10.927164077758789,-564.3767375743646,2.3255929946899414,1000.0,0.0,-605.167916582002,-267.3963623046875,-587.897874404972,-107830.1015625,0.0,103.75609719557067,31973.271484375
265,0.5201650857925415,-17.62765121459961,-549.0967563738917,2.3265178203582764,1000.0,0.0,-604.8583924184866,-260.06280517578125,-565.5093177499454,-97663.171875,0.0,103.72287218950024,29705.56640625
266,0.1674060821533203,-89.39450073242188,-696.5725695987537,2.3257484436035156,1000.0,0.0,-604.7202814177184,-261.3616943359375,-696.5725695987537,-104906.0234375,0.0,103.73315113720851,35079.1953125
267,0.03172469139099121,22.08115577697754,-447.9527601805728,2.3214521408081055,1000.0,0.0,-604.2880630979174,-252.3994903564453,-608.6379530254105,-9933.802734375,0.0,103.8599108385224,25522.66796875
268,0.15469762682914734,1.0603563785552979,-537.1820470129733,2.3284428119659424,1000.0,0.0,-604.1742359869047,-257.93133544921875,-637.6145783067084,-171442.328125,0.0,103.71005046014884,32714.96484375
269,0.22899261116981506,-37.78852844238281,-540.5327366194341,2.3229002952575684,1000.0,0.0,-604.1014509647043,-256.2481994628906,-739.1474191492231,-421698.09375,0.0,103.78043404613935,40378.28515625
270,0.5725510120391846,-37.039939880371094,-528.1604337999437,2.3228800296783447,1000.0,0.0,-603.8793080184903,-228.4933319091797,-578.1011833424054,-169620.796875,0.0,103.66311530255636,28141.11328125
271,0.5864454507827759,-27.780183792114258,-527.8310881062298,2.3267111778259277,1000.0,0.0,-603.7025713013026,-258.0089111328125,-597.0794188277985,-182361.609375,0.0,103.53908285855805,30624.474609375
272,0.7917497158050537,-0.34716811776161194,-451.07205612416215,2.324666738510132,1000.0,0.0,-603.3488850652972,-232.188720703125,-641.6718037504704,27419.931640625,0.0,103.60800021042353,28034.150390625
273,0.2075769305229187,42.93268585205078,-490.6988140635197,2.314697742462158,1000.0,0.0,-602.9687873794377,-247.3793182373047,-598.1240437959063,-93469.84375,0.0,103.6582680712623,24137.140625
274,0.4726455509662628,-11.114426612854004,-519.7745348332087,2.3219735622406006,1000.0,0.0,-602.6291250567793,-243.83363342285156,-533.0006961141921,-53462.59375,0.0,103.6323204540489,24859.57421875
275,0.848943293094635,-46.803348541259766,-711.9543413474705,2.3233284950256348,1000.0,0.0,-602.6199681059276,-254.8738555908203,-711.9543413474705,-275882.09375,0.0,103.53242042866263,35629.23046875
276,1.1247766017913818,-14.24325180053711,-547.0225100832322,2.3228111267089844,1000.0,0.0,-602.4455493008265,-237.6431121826172,-660.9075450822183,-134786.015625,0.0,103.4917989802719,36547.1796875
277,0.988094687461853,55.067054748535156,-368.45997994575777,2.32558536529541,1000.0,0.0,-602.0980967070855,-254.7448272705078,-631.8339173083309,48733.0703125,0.0,103.60495456387005,27404.83203125
278,1.1988577842712402,-23.065336227416992,-558.41913028081,2.320868730545044,1000.0,0.0,-601.936040029329,-256.3379821777344,-609.0949412348882,-156802.5,0.0,103.48785863419002,26190.046875
279,1.1548163890838623,1.807006597518921,-514.6131520795102,2.320335626602173,1000.0,0.0,-601.6581488625106,-250.73399353027344,-596.1850153287915,-42017.61328125,0.0,103.46334479639194,27316.546875
280,0.9292346239089966,-5.243455410003662,-439.93402081513364,2.3138461112976074,1000.0,0.0,-601.2739765391013,-251.794921875,-563.7206414664221,-19081.076171875,0.0,103.53497412469245,24630.203125
281,1.17073655128479,-36.64812088012695,-574.8934104295938,2.3183352947235107,1000.0,0.0,-601.0847522236467,-254.59930419921875,-653.4302129485101,-330041.09375,0.0,103.53581978633397,32259.40234375
282,0.605492353439331,45.43732833862305,-480.7920387599838,2.3176379203796387,1000.0,0.0,-601.0227157632955,-254.6795654296875,-690.3088005619378,-78646.390625,0.0,103.4681530794028,35536.32421875
283,0.6440348625183105,-34.18601608276367,-483.95324750262057,2.314460039138794,1000.0,0.0,-600.8298887662916,-221.5792236328125,-629.5471329126049,-353742.875,0.0,103.40019278422288,34573.0078125
284,0.5664219260215759,-38.54743194580078,-563.430602622999,2.3181509971618652,1000.0,0.0,-600.8038824010483,-249.1837158203125,-648.3645977520974,-356171.28125,0.0,103.28619267210809,36995.2734375
285,0.16917157173156738,-41.00041198730469,-496.16524583045185,2.3178532123565674,1000.0,0.0,-600.723855072259,-249.84373474121094,-654.3293867194914,-209462.046875,0.0,103.15955510251234,34263.3984375
286,0.04132789373397827,43.987552642822266,-415.5076861723551,2.313377857208252,1000.0,0.0,-600.3663811732654,-252.7572021484375,-574.652694041758,-76477.4453125,0.0,103.2052969888975,23410.078125
287,0.6253155469894409,3.1277589797973633,-488.7029846483302,2.3192198276519775,1000.0,0.0,-600.4054983695391,-251.64877319335938,-728.9017847115169,-438393.9375,0.0,103.18245561972242,45435.0546875
288,0.8776246309280396,-63.979305267333984,-581.2020902450056,2.3133487701416016,1000.0,0.0,-600.1222157116639,-257.7879333496094,-589.8749690671078,-98130.515625,0.0,103.16940683456976,27029.337890625
289,0.9072648286819458,88.47950744628906,-362.0602425883985,2.311556577682495,1000.0,0.0,-599.6999318200288,-256.7062072753906,-556.1531459526223,173882.265625,0.0,103.30857482565033,21559.203125
290,0.6122816801071167,19.877853393554688,-490.57544138430285,2.314767360687256,1000.0,0.0,-599.7041921813081,-251.0403594970703,-741.6038674307578,-243862.90625,0.0,103.24684610548341,38052.65625
291,0.3671334683895111,-74.82929229736328,-621.6118608801014,2.309042453765869,1000.0,0.0,-599.3961026900819,-257.3664855957031,-621.6118608801014,-107982.328125,0.0,103.26265948720513,28491.75390625
292,-0.03654599189758301,-19.329729080200195,-425.018651430785,2.310563564300537,1000.0,0.0,-598.964076885616,-229.61077880859375,-567.7942986852551,143964.75,0.0,103.44276917907295,26444.927734375
293,-0.31474196910858154,-4.949742794036865,-487.6157696157597,2.3127541542053223,1000.0,0.0,-598.5780969666171,-259.0842590332031,-574.1259123305875,111641.5234375,0.0,103.54433453747077,29214.80078125
294,-0.38819366693496704,18.84290885925293,-405.3634618120058,2.3133835792541504,1000.0,0.0,-598.3718373861119,-250.48147583007812,-622.0478780700687,-213691.90625,0.0,103.53060395796267,31955.724609375
295,-0.06571975350379944,-44.841182708740234,-649.4708745919447,2.3176522254943848,1000.0,0.0,-598.0775501939968,-259.884033203125,-649.4708745919447,13279.6689453125,0.0,103.64404696205686,30641.068359375
296,-0.03326776623725891,-10.524284362792969,-521.1433257368009,2.31649112701416,1000.0,0.0,-597.8587389237953,-255.5044708251953,-628.7854499207065,-47640.42578125,0.0,103.58605408879873,32061.86328125
297,-0.0755113959312439,-4.824800968170166,-533.8356354093886,2.312391757965088,1000.0,0.0,-597.5523671864952,-256.1084899902344,-549.5275780767324,-113792.078125,0.0,103.57107007508668,24650.30078125
298,0.3720265030860901,-5.110107898712158,-533.141773941343,2.3104662895202637,1000.0,0.0,-597.5178707637469,-238.13076782226562,-721.4461593065539,-347858.8125,0.0,103.48137009171433,39302.80078125
299,0.2540496289730072,-11.544673919677734,-415.25655862008097,2.312265157699585,1000.0,0.0,-597.1673076633017,-226.45437622070312,-601.3976513444791,-119725.921875,0.0,103.58167795333829,24864.78515625
300,-0.0966750979423523,18.39048957824707,-517.8760524502391,2.3159663677215576,1000.0,0.0,-597.1511344728091,-255.79542541503906,-751.4694476475817,-276003.6875,0.0,103.52163050433558,37533.76171875
301,0.6264282464981079,-41.24924850463867,-528.8857122036018,2.3120689392089844,1000.0,0.0,-596.9835847987181,-222.21315002441406,-738.4394284796097,-93389.359375,0.0,103.552673964167,34575.55859375
302,0.6987396478652954,17.689058303833008,-459.0305681831639,2.3145864009857178,1000.0,0.0,-596.6555910391427,-254.267578125,-587.9610783754447,-1816.9921875,0.0,103.63571229883746,27581.1875
303,0.35887736082077026,21.814319610595703,-541.5308735017493,2.3128700256347656,1000.0,0.0,-596.3086333014871,-248.12046813964844,-541.5308735017493,129779.828125,0.0,103.66655887571784,23283.041015625
304,0.24079248309135437,-9.897377967834473,-555.4355564433824,2.3089098930358887,1000.0,0.0,-596.0085162667405,-254.1876220703125,-558.8543896386884,4748.4482421875,0.0,103.66368402532544,24425.8046875
305,0.08664211630821228,-0.023173248395323753,-451.3969627713695,2.3082046508789062,1000.0,0.0,-595.6835024398359,-231.9273681640625,-661.5340521128701,-173823.4375,0.0,103.76507387163969,27972.81640625
306,0.11761438846588135,51.89487075805664,-457.4118240365476,2.313899517059326,1000.0,0.0,-595.3092418092351,-252.35377502441406,-583.509946126767,-72748.203125,0.0,103.86789939998707,25694.66796875
307,0.27377450466156006,-0.7583648562431335,-410.88290935787245,2.3082549571990967,1000.0,0.0,-595.0664577281059,-234.5859375,-669.5749456404594,-186039.96875,0.0,103.9126296908315,30122.39453125
308,0.2919153869152069,-32.59001922607422,-490.1009259871149,2.309027910232544,1000.0,0.0,-594.9163203680774,-229.6096649169922,-676.775617829329,-271400.34375,0.0,103.8566923557235,30956.16015625
309,0.5978995561599731,-36.75200271606445,-483.44363166051244,2.305908441543579,1000.0,0.0,-594.6839193417106,-224.53097534179688,-619.6190474144487,-18628.16796875,0.0,103.8530712493108,26292.80859375
310,0.3079238533973694,45.33336639404297,-469.7084313827878,2.3089311122894287,1000.0,0.0,-594.2809078941847,-249.20236206054688,-544.0882376416373,38517.42578125,0.0,103.96131554559376,22844.025390625
311,0.19745692610740662,-26.73763084411621,-568.1008351936811,2.3072400093078613,1000.0,0.0,-594.0408064677459,-242.69998168945312,-581.9047970863064,-255362.96875,0.0,103.92066202586551,27791.708984375
312,0.30854904651641846,-25.16615867614746,-613.3479900562573,2.3097760677337646,1000.0,0.0,-593.8080244321393,-253.6313934326172,-613.3479900562573,-69128.765625,0.0,103.90631107075559,27818.78515625
313,0.3611891269683838,23.829097747802734,-456.69949860767167,2.307102918624878,1000.0,0.0,-593.5117458429786,-235.93453979492188,-586.5204628972015,104051.984375,0.0,103.91831916366597,24670.5625
314,0.827442467212677,-12.705810546875,-494.7159213086554,2.308553695678711,1000.0,0.0,-593.2406050287357,-242.0429229736328,-616.6378513308036,-52137.42578125,0.0,103.9423130571929,27254.47265625
315,0.08293470740318298,13.18973445892334,-510.6293648877688,2.30460786819458,1000.0,0.0,-593.0693154767164,-251.1372528076172,-644.0769143912687,-166068.46875,0.0,103.88783496985876,30200.447265625
316,0.3168679177761078,-21.022390365600586,-610.4411704445833,2.30070424079895,1000.0,0.0,-592.9189931191638,-250.68751525878906,-643.3103195493309,-336015.625,0.0,103.83097916094445,29132.990234375
317,0.4125964641571045,-43.71864700317383,-478.80959631002855,2.3009302616119385,1000.0,0.0,-592.8005109827369,-214.80685424804688,-622.4944155428175,-335375.90625,0.0,103.72368199076163,28051.087890625
318,0.3227686583995819,-9.34598159790039,-580.4664907587567,2.304316759109497,1000.0,0.0,-592.6996049204962,-245.29635620117188,-607.9188229361639,-269291.0,0.0,103.6016512668799,29924.62109375
319,0.8322091102600098,-45.218536376953125,-546.3176479549829,2.3073785305023193,1000.0,0.0,-592.3025109454334,-220.95834350585938,-546.3176479549829,-4748.52490234375,0.0,103.73220883689287,21576.015625
320,1.129230260848999,-36.376399993896484,-546.606688124756,2.3077526092529297,1000.0,0.0,-592.084687301817,-245.55892944335938,-563.487314670048,-156966.65625,0.0,103.66035178542846,25939.146484375
321,1.2346696853637695,-16.89551544189453,-488.8379865210872,2.3053135871887207,1000.0,0.0,-591.7888407593016,-246.9058837890625,-529.1750328274104,38877.37890625,0.0,103.64611057913982,26674.66796875
322,1.0849146842956543,-5.400427341461182,-528.582128984176,2.304342746734619,1000.0,0.0,-591.5627493165135,-247.82066345214844,-555.2584193727255,-29859.046875,0.0,103.58291428654087,24524.64453125
323,0.8851627111434937,-0.2516714930534363,-521.3077331593331,2.296860694885254,1000.0,0.0,-591.4371833768023,-220.7507781982422,-650.6484845694646,-310371.125,0.0,103.54977991257743,30617.69921875
324,0.9865596294403076,6.641840934753418,-446.45940711370554,2.3009867668151855,1000.0,0.0,-591.1637997569752,-239.345703125,-586.5775224244926,-163047.09375,0.0,103.57242008242144,24697.87109375
325,0.8006105422973633,-39.49000930786133,-600.0056589085905,2.302994728088379,1000.0,0.0,-591.1756233232984,-251.9683837890625,-759.7288001527482,-466100.34375,0.0,103.55324309853772,39641.2578125
326,0.9830090403556824,-3.236652135848999,-448.83372557545124,2.2978787422180176,1000.0,0.0,-590.9228259437081,-226.128662109375,-641.4194676246282,-117265.2890625,0.0,103.60135775761476,26041.88671875
327,0.6843766570091248,-6.535556316375732,-492.6233779091457,2.2993972301483154,1000.0,0.0,-590.540068033075,-250.78335571289062,-514.3861723812482,50332.58984375,0.0,103.69803862872605,22536.068359375
328,0.7035742998123169,-46.48084259033203,-494.8222319380649,2.297119140625,1000.0,0.0,-590.0567883229222,-226.42027282714844,-508.0976272305936,121924.078125,0.0,103.95836013269474,22444.193359375
329,0.5265964865684509,9.190420150756836,-462.53088882635967,2.298835039138794,1000.0,0.0,-589.8409665214563,-248.96348571777344,-586.3788483114446,-157912.328125,0.0,103.91068102893085,25116.083984375
330,1.0410237312316895,-10.966911315917969,-549.2393609684789,2.302623748779297,1000.0,0.0,-589.6862542705695,-253.7129669189453,-614.8239462168069,-213942.296875,0.0,103.8288251465923,29125.484375
331,0.9444190859794617,58.90162658691406,-440.7223505309147,2.3011181354522705,1000.0,0.0,-589.4948832019537,-247.2927703857422,-646.1435897590012,-205250.421875,0.0,103.79537300861953,33218.92578125
332,0.9141749739646912,-3.340395450592041,-506.1626836843859,2.2949702739715576,1000.0,0.0,-589.3563735604777,-249.79969787597656,-600.3912556538577,-221953.96875,0.0,103.68931576611816,26712.03515625
333,0.5971681475639343,-39.025821685791016,-590.393260028423,2.294149875640869,1000.0,0.0,-589.1985472499812,-253.17185974121094,-597.1986683117865,-185451.46875,0.0,103.61099374463603,29481.92578125
334,0.4433894455432892,4.476548671722412,-466.1634721051554,2.297229051589966,1000.0,0.0,-589.0483408867668,-235.95542907714844,-646.5391217085785,-86422.953125,0.0,103.56971662499711,28957.828125
335,-0.0668938159942627,-54.954124450683594,-568.8557811452245,2.301203489303589,1000.0,0.0,-588.7836157304407,-227.49049377441406,-592.54214048267,-98003.0390625,0.0,103.60140983846075,25636.8203125
336,-0.0944133996963501,-77.41571807861328,-670.0400434913298,2.299893617630005,1000.0,0.0,-588.6505905774516,-260.47869873046875,-670.0400434913298,-114613.046875,0.0,103.53596028949711,31319.396484375
337,-0.7881649732589722,35.56759262084961,-420.67751715340404,2.303189516067505,1000.0,0.0,-588.286903973986,-242.5001678466797,-564.5037515144071,109903.5,0.0,103.64560791917195,25371.935546875
338,-0.10601484775543213,-64.90821075439453,-616.5236398178072,2.3046672344207764,1000.0,0.0,-588.224889696892,-258.5301513671875,-635.413073702091,-202607.703125,0.0,103.57093281002885,33554.76171875
339,-0.23222747445106506,40.37955856323242,-362.9338443959482,2.300182819366455,1000.0,0.0,-587.924760551102,-250.61097717285156,-564.3706099447489,-24875.60546875,0.0,103.63592989084461,22550.6953125
340,0.26616162061691284,-40.51240539550781,-551.7459444978251,2.3054141998291016,1000.0,0.0,-587.7972343177921,-259.3523254394531,-578.3782200814098,-205696.28125,0.0,103.5180821468627,31889.58984375
341,-0.05568975210189819,46.06562042236328,-488.1311484693067,2.3024001121520996,1000.0,0.0,-587.6019814976578,-261.3912353515625,-602.3034994555089,-3840.83740234375,0.0,103.45528880677813,25455.955078125
342,0.06999355554580688,-34.60757827758789,-447.02829035795884,2.302266836166382,1000.0,0.0,-587.4396043482255,-216.41012573242188,-636.3896783238287,-125504.3984375,0.0,103.43102258930833,29424.78125
343,0.19540956616401672,1.4735313653945923,-497.6410674321302,2.298194408416748,1000.0,0.0,-587.2379590174606,-258.868408203125,-648.1102012369422,-199920.65625,0.0,103.41516709848668,26202.94140625
344,0.17684590816497803,-56.41145324707031,-490.1044492814354,2.302929639816284,1000.0,0.0,-586.9855846213055,-217.25038146972656,-583.695203509687,-154195.875,0.0,103.39919220344837,27652.45703125
345,0.08390241861343384,16.978605270385742,-587.8725567411987,2.3016443252563477,1000.0,0.0,-586.782648178424,-256.88299560546875,-587.8725567411987,-123475.1484375,0.0,103.3905631455223,26852.318359375
346,-0.17016246914863586,-10.025226593017578,-526.3601163296794,2.299978733062744,1000.0,0.0,-586.4317228564133,-257.03961181640625,-537.7453182911104,9703.685546875,0.0,103.5282538161019,24841.966796875
347,-0.27981874346733093,-34.27113723754883,-456.39181446835585,2.303277015686035,1000.0,0.0,-586.3001689928919,-223.16790771484375,-621.1615702445447,-272036.84375,0.0,103.44862311470897,29433.60546875
348,-0.5194455981254578,-42.482513427734375,-573.9891729245046,2.303436756134033,1000.0,0.0,-586.1450658005908,-232.90151977539062,-593.5223865039104,-133003.953125,0.0,103.39862648451196,29298.73046875
349,-0.7179482579231262,40.69426727294922,-446.9923178039785,2.3025527000427246,1000.0,0.0,-585.7153945834306,-255.80096435546875,-488.3064967231643,186371.03125,0.0,103.60087647204136,24201.59765625
350,-1.0186121463775635,-4.398738861083984,-496.3564067552692,2.305983543395996,1000.0,0.0,-585.3461537232124,-234.1710205078125,-578.3015473309699,10138.7734375,0.0,103.8210335328262,26877.91796875
351,-0.8443530201911926,36.679229736328125,-431.3483103317704,2.312199354171753,1000.0,0.0,-585.1134224809011,-249.38087463378906,-569.9874928527902,10788.953125,0.0,103.80307693000556,24609.82421875
352,-1.0258772373199463,33.06081008911133,-427.09540990317817,2.308305263519287,1000.0,0.0,-584.8406165803191,-256.08599853515625,-566.167221403541,-50792.76171875,0.0,103.8232892442627,26016.572265625
353,-0.603588879108429,-22.931867599487305,-450.62502952388127,2.3048088550567627,1000.0,0.0,-584.7353214618096,-226.6275177001953,-616.7793678954083,-215610.421875,0.0,103.74849279173326,27187.390625
354,-0.3795497715473175,-11.104969024658203,-485.5803388497475,2.302284002304077,1000.0,0.0,-584.487558228376,-228.84564208984375,-553.315589297219,-163621.046875,0.0,103.72374374182361,21212.591796875
355,-0.11864787340164185,-30.154233932495117,-517.8480465821918,2.3132195472717285,1000.0,0.0,-584.3402174936651,-252.89584350585938,-556.2428436714548,-94102.328125,0.0,103.62072043673697,27404.42578125
356,-0.2396598756313324,-2.660362720489502,-545.6141243512633,2.299772262573242,1000.0,0.0,-584.0875565379215,-252.3917236328125,-545.6141243512633,-205024.0,0.0,103.61543435270042,24798.87890625
357,0.028445541858673096,-4.147669792175293,-581.0316007338403,2.307461738586426,1000.0,0.0,-583.9113737624094,-279.56597900390625,-595.0152789232556,-107336.890625,0.0,103.57572518114554,29929.5625
358,-0.11621904373168945,-54.03173065185547,-510.8186734209023,2.3032493591308594,1000.0,0.0,-583.73012972146,-212.53282165527344,-544.7240386449505,-296676.65625,0.0,103.49380127243344,29257.203125
359,0.359526127576828,-48.730899810791016,-529.3737360779837,2.310783863067627,1000.0,0.0,-583.5771728336517,-210.2572479248047,-579.3350282291942,-270111.96875,0.0,103.42764041477342,31809.384765625
360,0.1440974473953247,-7.653273582458496,-494.27482311798803,2.3063719272613525,1000.0,0.0,-583.3912148162725,-248.0245819091797,-660.0881539324926,-138756.15625,0.0,103.47634131358411,30184.140625
361,0.222410649061203,-50.42937088012695,-669.3279453942275,2.305778980255127,1000.0,0.0,-583.407205481105,-257.3429870605469,-669.3279453942275,-364219.40625,0.0,103.39056022311217,38259.03125
362,-0.3579130470752716,-34.813472747802734,-603.8164008474008,2.3029680252075195,1000.0,0.0,-583.2470653832307,-254.35044860839844,-603.8164008474008,-154024.71875,0.0,103.31541597787091,26643.94140625
363,-0.6011447906494141,33.72089385986328,-456.0864913075374,2.309569835662842,1000.0,0.0,-583.0015063193807,-248.717529296875,-574.7376702908088,40781.71484375,0.0,103.32069117876523,23795.25390625
364,-0.4244306981563568,-108.28671264648438,-612.4793251003318,2.307969093322754,1000.0,0.0,-582.7585842297588,-253.65435791015625,-612.4793251003318,-61796.11328125,0.0,103.36721570224407,27510.572265625
365,-0.3373149037361145,49.4092903137207,-434.44734434872083,2.309065341949463,1000.0,0.0,-582.583534508615,-254.5203094482422,-588.3703022715941,7289.1123046875,0.0,103.32929097155389,28713.666015625
366,-0.6600379943847656,-23.886728286743164,-529.8061042317697,2.3094913959503174,1000.0,0.0,-582.365961063852,-221.52294921875,-580.1372372354695,-66279.7578125,0.0,103.30250404843541,26814.87109375
367,-0.7393563985824585,-134.32464599609375,-603.7647366015644,2.305912733078003,1000.0,0.0,-582.095323748172,-257.4256591796875,-603.7647366015644,-188190.390625,0.0,103.35492572762698,26019.005859375
368,-0.3355703353881836,-36.83273696899414,-461.0360820775901,2.3035595417022705,1000.0,0.0,-581.8558737480166,-214.72967529296875,-530.7545231621875,-240081.796875,0.0,103.3263796654213,22975.046875
369,0.12386289238929749,-58.11622619628906,-588.8242261788607,2.304919481277466,1000.0,0.0,-581.7281966772896,-227.69850158691406,-588.8242261788607,-296980.59375,0.0,103.23504053324245,27359.337890625
370,0.2798789143562317,-85.85092163085938,-614.4531000757963,2.307504177093506,1000.0,0.0,-581.6500754028599,-256.7551574707031,-651.4981123652469,-379522.15625,0.0,103.17673497428697,33763.7890625
371,0.09784919023513794,-59.479793548583984,-512.0546405032288,2.3091366291046143,1000.0,0.0,-581.6396480504835,-218.26162719726562,-651.6250025461547,-390042.875,0.0,103.08020111809907,35481.3125
372,-0.07124266028404236,56.239585876464844,-397.4388520273494,2.3105740547180176,1000.0,0.0,-581.2981600521293,-259.22540283203125,-508.8773838973188,3402.90625,0.0,103.17745251621342,23220.06640625
373,0.18626153469085693,-34.743309020996094,-549.6481128108035,2.3114707469940186,1000.0,0.0,-581.0223823561026,-257.7655029296875,-594.0910811596815,-48397.4140625,0.0,103.30618858651897,24844.443359375
374,0.11763042211532593,-40.237388610839844,-454.88220342815134,2.312650442123413,1000.0,0.0,-580.7961615242397,-219.54307556152344,-606.6250185065988,-79910.671875,0.0,103.35583696620633,25953.69140625
375,0.147090882062912,-68.2469482421875,-635.6054420484666,2.314535617828369,1000.0,0.0,-580.5428737416089,-251.5166473388672,-635.6054420484666,99195.78125,0.0,103.41114706846481,25906.02734375
376,-0.04647296667098999,-61.4337043762207,-629.0882724092747,2.3150877952575684,1000.0,0.0,-580.2329541210257,-260.1961364746094,-629.0882724092747,39587.89453125,0.0,103.55129559589456,23018.919921875
377,0.14460933208465576,-18.046215057373047,-488.4695279069957,2.3154048919677734,1000.0,0.0,-580.0422980350777,-226.47543334960938,-551.5802203287642,-68568.6875,0.0,103.4962852637568,27338.96875
378,-0.03904956579208374,-44.77751922607422,-509.2093019070622,2.316432476043701,1000.0,0.0,-579.6576354082837,-235.0261993408203,-516.1823983313785,268224.5625,0.0,103.68580499834295,24786.08203125
379,0.36459285020828247,-146.6446075439453,-769.6882426368127,2.311628818511963,1000.0,0.0,-579.6188692205595,-264.39642333984375,-769.6882426368127,-360603.4375,0.0,103.68807328255973,35457.76953125
380,0.3454303443431854,45.92822265625,-440.8051941748464,2.317061185836792,1000.0,0.0,-579.0957264777189,-257.7908935546875,-440.8051941748464,383715.5625,0.0,104.15173688833919,20939.859375
381,-0.14459285140037537,37.05125045776367,-574.7889238864702,2.3156261444091797,1000.0,0.0,-578.8991676610112,-305.6511535644531,-590.5316691350779,47248.8125,0.0,104.14777501967718,26795.0
382,-0.42770469188690186,-18.224519729614258,-455.8821255332493,2.3134348392486572,1000.0,0.0,-578.6240207944481,-219.44143676757812,-548.6152985687875,-41064.828125,0.0,104.17992370492534,21925.36328125
383,-0.2016267478466034,-69.5052490234375,-523.9939856232204,2.3163459300994873,1000.0,0.0,-578.410678775322,-207.93524169921875,-550.9507714030042,-53278.86328125,0.0,104.14512538615477,26705.27734375
384,-0.06440171599388123,-56.33513259887695,-588.3604542699065,2.32167387008667,1000.0,0.0,-578.2971744581703,-252.157470703125,-588.3604542699065,-218066.40625,0.0,104.05174124127187,30822.41796875
385,0.025919556617736816,-13.434919357299805,-528.7401692544121,2.318986177444458,1000.0,0.0,-578.0313349748122,-250.00918579101562,-611.6667707835236,-15475.037109375,0.0,104.1321330109864,22976.0703125
386,-0.003286600112915039,71.67642211914062,-310.24334684429436,2.316450834274292,1000.0,0.0,-577.7898998407435,-238.34095764160156,-634.1950364750921,-155560.71875,0.0,104.24736114248334,28766.650390625
